{
    "square_15.csv": {
        "odometry_error": 0.43823304846043803
    },
    "square_10.csv": {
        "odometry_error": 0.3748608561368739
    }
}