{
    "quadrado_20.csv": {
        "odometry_error": 1.1071527794060965
    },
    "quadrado_15.csv": {
        "odometry_error": 0.8919378382927373
    },
    "quadrado_10.csv": {
        "odometry_error": 0.8362442975558743
    }
}