{
    "initial_parameters": [
        0.34641,
        0.282843,
        -0.282843,
        -0.34641,
        0.414214,
        -0.414216,
        -0.414214,
        0.414214,
        3.616966,
        2.556874,
        2.556874,
        3.616966,
        0.02475
    ],
    "initial_cost": 0.14401232588100762,
    "pso_options": {
        "c1": 0.5,
        "c2": 0.3,
        "w": 0.9
    },
    "pso_limtit": 0.05,
    "optimized_parameters": [
        0.3848483841507308,
        0.24050748196340346,
        -0.32335658008052803,
        -0.3289850907509928,
        0.3956360345211365,
        -0.386317422080774,
        -0.40343760848596005,
        0.3660903106252562,
        3.6140826420921095,
        2.5861349986590096,
        2.5701173426733672,
        3.6370383550353242,
        0.022645210309888725
    ],
    "optimized_cost": 0.0671108695265669,
    "test-4-L-logs-1.csv": {
        "initial_error": 0.23588851134544978,
        "simulated_error": 0.11677059264790421,
        "optimized_error": 0.055787471850077965
    },
    "test-4-L-logs-2.csv": {
        "initial_error": 0.22969095332320713,
        "simulated_error": 0.12525595628809147,
        "optimized_error": 0.04611104522653783
    },
    "test-4-L-logs-3.csv": {
        "initial_error": 0.23482425158433345,
        "simulated_error": 0.12059999276835626,
        "optimized_error": 0.12815177190842283
    },
    "test-4-L-logs-4.csv": {
        "initial_error": 0.259342207574748,
        "simulated_error": 0.16432620128415357,
        "optimized_error": 0.052829409201305605
    },
    "test-4-L-logs-5.csv": {
        "initial_error": 0.25217154676612824,
        "simulated_error": 0.16164768344317446,
        "optimized_error": 0.05293951485999728
    },
    "test-4-L-logs-6.csv": {
        "initial_error": 0.26093837670024495,
        "simulated_error": 0.1754735288543658,
        "optimized_error": 0.0668460041130599
    }
}