{
    "initial_parameters": [
        0.34641,
        0.282843,
        -0.282843,
        -0.34641,
        0.414214,
        -0.414216,
        -0.414214,
        0.414214,
        3.616966,
        2.556874,
        2.556874,
        3.616966,
        0.02475
    ],
    "initial_simulated_cost": 0.5156435350687391,
    "pso_options": {
        "c1": 0.5,
        "c2": 0.3,
        "w": 0.9
    },
    "pso_limtit": 0.16,
    "optimized_parameters": [
        0.4532246081782187,
        0.2639438878670722,
        -0.3301357044380842,
        -0.43158596432003454,
        0.25946243414754333,
        -0.4480075278212366,
        -0.4410515976753856,
        0.3771005401458774,
        3.650530936059068,
        2.52212507897304,
        2.4886002083516026,
        3.547150279933823,
        0.0232364726207697
    ],
    "optimized_cost": 0.13720658873168315,
    "square_15.csv": {
        "odometry_error": 0.43823304846043803,
        "simulated_error": 0.4739225654341307,
        "optimized_error": 0.08303039699293849
    },
    "square_10.csv": {
        "odometry_error": 0.3748608561368739,
        "simulated_error": 0.44846716267677567,
        "optimized_error": 0.09937084232810962
    },
    "square_20.csv": {
        "odometry_error": 0.47528538902687356,
        "simulated_error": 0.42880413523601885,
        "optimized_error": 0.1472253310614283
    },
    "square_25.csv": {
        "odometry_error": 0.7562124149221912,
        "simulated_error": 0.711380276928031,
        "optimized_error": 0.21919978454425612
    }
}