{
    "initial_parameters": [
        0.34641,
        0.282843,
        -0.282843,
        -0.34641,
        0.414214,
        -0.414216,
        -0.414214,
        0.414214,
        3.616966,
        2.556874,
        2.556874,
        3.616966,
        0.02475
    ],
    "initial_simulated_cost": 0.42002173040528756,
    "pso_search_options": {
        "c1": [
            0.0,
            0.1,
            0.2,
            0.30000000000000004,
            0.4,
            0.5,
            0.6000000000000001,
            0.7000000000000001,
            0.8,
            0.9,
            1.0,
            1.1,
            1.2000000000000002,
            1.3,
            1.4000000000000001
        ],
        "c2": [
            0.0,
            0.1,
            0.2,
            0.30000000000000004,
            0.4,
            0.5,
            0.6000000000000001,
            0.7000000000000001,
            0.8,
            0.9,
            1.0,
            1.1,
            1.2000000000000002,
            1.3,
            1.4000000000000001
        ],
        "w": [
            0.0,
            0.1,
            0.2,
            0.30000000000000004,
            0.4,
            0.5,
            0.6000000000000001,
            0.7000000000000001,
            0.8,
            0.9,
            1.0,
            1.1,
            1.2000000000000002,
            1.3,
            1.4000000000000001
        ]
    },
    "pso_iterations": 50,
    "pso_n_particles": 20,
    "pso_limtit": 0.5,
    "pso_best_parameters": {
        "c1": 0.0,
        "c2": 1.0,
        "w": 0.9
    },
    "best_cost": 0.2888438061577475
}