{
    "initial_parameters": [
        0.34641,
        0.282843,
        -0.282843,
        -0.34641,
        0.414214,
        -0.414216,
        -0.414214,
        0.414214,
        3.616966,
        2.556874,
        2.556874,
        3.616966,
        0.02475
    ],
    "initial_simulated_cost": 0.42002173040528756,
    "pso_options": {
        "c1": 0.5,
        "c2": 0.3,
        "w": 0.9
    },
    "pso_limtit": 0.11,
    "optimized_parameters": [
        0.34914342890025546,
        0.2917699432881141,
        -0.2670969969237193,
        -0.2597302631451437,
        0.30544238337096535,
        -0.4852914077709301,
        -0.447266602873041,
        0.3791100064279597,
        3.5961820487200593,
        2.526721855540825,
        2.536994721799778,
        3.593340880371391,
        0.02483167587087946
    ],
    "optimized_cost": 0.07965403931629088,
    "square_15.csv": {
        "odometry_error": 0.43823304846043803,
        "simulated_error": 0.46595054015523607,
        "optimized_error": 0.09588802584009039
    },
    "square_10.csv": {
        "odometry_error": 0.3748608561368739,
        "simulated_error": 0.374092920655339,
        "optimized_error": 0.06342005279249137
    }
}