{
    "initial_parameters": [
        0.34641,
        0.282843,
        -0.282843,
        -0.34641,
        0.414214,
        -0.414216,
        -0.414214,
        0.414214,
        3.616966,
        2.556874,
        2.556874,
        3.616966,
        0.02475
    ],
    "initial_simulated_cost": 0.31984173217781814,
    "pso_options": {
        "c1": 0.5,
        "c2": 0.3,
        "w": 0.9
    },
    "pso_limtit": 0.12,
    "optimized_parameters": [
        0.3107303336519129,
        0.16293553130406085,
        -0.38569987170572684,
        -0.4218453648289997,
        0.38324707121540846,
        -0.45977057928309134,
        -0.43382527524942377,
        0.35013037288291204,
        3.5516509471783704,
        2.563520283893822,
        2.5794991635632774,
        3.600614201817168,
        0.022261783590247084
    ],
    "optimized_cost": 0.13046627817936163,
    "quadrado_orig_15_1.csv": {
        "odometry_error": 0.29521308783951744,
        "simulated_error": 0.3419202096040533,
        "optimized_error": 0.13293377323997693
    },
    "quadrado_orig_1_2.csv": {
        "odometry_error": 0.2623245294415923,
        "simulated_error": 0.297763254751583,
        "optimized_error": 0.12799878311874635
    }
}