{
    "initial_parameters": [
        0.383146590857885,
        0.2601908088939393,
        -0.29432191782356004,
        -0.2947331116512286,
        0.2942690569083855,
        -0.5298154893258492,
        -0.4135609185578648,
        0.3062489555481053,
        3.590359801850708,
        2.5770948138832246,
        2.572861189728561,
        3.6344615627386694,
        0.023262252867368625
    ],
    "initial_simulated_cost": 0.20051932408209672,
    "pso_options": {
        "c1": 0.5,
        "c2": 0.3,
        "w": 0.9
    },
    "pso_limtit": 0.12,
    "optimized_parameters": [
        0.42447140713655457,
        0.35482242703016686,
        -0.1823307411279881,
        -0.274779656546075,
        0.25745996970744844,
        -0.4438060201135028,
        -0.35102689244950486,
        0.23426282528626358,
        3.611082557939859,
        2.6806232596725357,
        2.5552490512551853,
        3.5933353127553165,
        0.022848272302565545
    ],
    "optimized_cost": 0.09544911222407432,
    "quadrado_opt_2_1.csv": {
        "odometry_error": 0.20687231430696326,
        "simulated_error": 0.21008497664895973,
        "optimized_error": 0.11917165747684891
    },
    "quadrado_opt_1_2.csv": {
        "odometry_error": 0.19081689428412005,
        "simulated_error": 0.20561514353520444,
        "optimized_error": 0.07604142052950105
    },
    "quadrado_opt_1_1.csv": {
        "odometry_error": 0.17648697421375995,
        "simulated_error": 0.19006926865370455,
        "optimized_error": 0.07008430532364704
    },
    "quadrado_opt_2_2.csv": {
        "odometry_error": 0.16051254703582854,
        "simulated_error": 0.19630790749051824,
        "optimized_error": 0.11649906556630031
    }
}