{
    "robot0-org-1": {
        "max_dist": 0.3945911381000001,
        "last_dist": 0.017693446784000016,
        "max_angle": 0.36506000000000016,
        "last_angle": 0.10810999999999993
    },
    "robot0-org-2": {
        "max_dist": 0.527337365,
        "last_dist": 0.0052948597250000035,
        "max_angle": 0.39236999999999966,
        "last_angle": 0.1333899999999999
    },
    "robot5-org-1": {
        "max_dist": 0.14103182376399986,
        "last_dist": 0.06001612118899996,
        "max_angle": 0.4439000000000002,
        "last_angle": 0.25307000000000013
    },
    "robot5-org-2": {
        "max_dist": 0.22434106268499995,
        "last_dist": 0.04528894030400005,
        "max_angle": 0.47111000000000014,
        "last_angle": 0.3645100000000001
    },
    "robot0-1st-opt-1": {
        "max_dist": 0.07857890108900005,
        "last_dist": 0.031571096524999995,
        "max_angle": 0.3283499999999999,
        "last_angle": 0.16822999999999988
    },
    "robot0-1st-opt-2": {
        "max_dist": 0.10134750712400008,
        "last_dist": 0.012306951241,
        "max_angle": 0.3387499999999999,
        "last_angle": 0.19471999999999978
    },
    "robot0-2nd-opt-1": {
        "max_dist": 0.028219500500000005,
        "last_dist": 0.01215767662099997,
        "max_angle": 0.4383999999999999,
        "last_angle": -0.021109999999999962
    },
    "robot0-2nd-opt-2": {
        "max_dist": 0.09865532461599998,
        "last_dist": 0.03316285414100006,
        "max_angle": 0.39686,
        "last_angle": 0.09236000000000022
    },
    "robot5-2nd0-opt-1": {
        "max_dist": 0.06098507219599997,
        "last_dist": 0.02746663119999997,
        "max_angle": 0.33901000000000003,
        "last_angle": 0.06542000000000003
    },
    "robot5-2nd0-opt-2": {
        "max_dist": 0.103078709704,
        "last_dist": 0.031042072709000015,
        "max_angle": 0.3163800000000001,
        "last_angle": 0.19621999999999984
    },
    "robot5-1st-opt-1": {
        "max_dist": 0.030696583504,
        "last_dist": 0.023537611701000022,
        "max_angle": 0.31430999999999987,
        "last_angle": 0.029490000000000016
    },
    "robot5-1st-opt-2": {
        "max_dist": 0.08776681272500005,
        "last_dist": 0.00909541811600002,
        "max_angle": 0.3329599999999999,
        "last_angle": -0.04530999999999974
    }
}