{
    "initial_parameters": [
        0.34641,
        0.282843,
        -0.282843,
        -0.34641,
        0.414214,
        -0.414216,
        -0.414214,
        0.414214,
        3.616966,
        2.556874,
        2.556874,
        3.616966,
        0.02475
    ],
    "initial_simulated_cost": 0.374092920655339,
    "pso_search_options": {
        "c1": [
            0.2,
            0.30000000000000004,
            0.4,
            0.5,
            0.6000000000000001,
            0.7000000000000001,
            0.8,
            0.9
        ],
        "c2": [
            0.2,
            0.30000000000000004,
            0.4,
            0.5,
            0.6000000000000001,
            0.7000000000000001,
            0.8,
            0.9
        ],
        "w": [
            0.2,
            0.30000000000000004,
            0.4,
            0.5,
            0.6000000000000001,
            0.7000000000000001,
            0.8,
            0.9
        ]
    },
    "pso_iterations": 40,
    "pso_n_particles": 20,
    "pso_limtit": 0.2,
    "pso_best_parameters": {
        "c1": 0.9,
        "c2": 0.9,
        "w": 0.2
    },
    "best_cost": 0.07164934344025796
}