{
    "initial_parameters": [
        0.383146590857885,
        0.2601908088939393,
        -0.29432191782356004,
        -0.2947331116512286,
        0.2942690569083855,
        -0.5298154893258492,
        -0.4135609185578648,
        0.3062489555481053,
        3.590359801850708,
        2.5770948138832246,
        2.572861189728561,
        3.6344615627386694,
        0.023262252867368625
    ],
    "initial_simulated_cost": 0.06428399395083194,
    "pso_options": {
        "c1": 0.5,
        "c2": 0.3,
        "w": 0.9
    },
    "pso_limtit": 0.13,
    "optimized_parameters": [
        0.4941362089344805,
        0.3608027279398629,
        -0.2721282057628127,
        -0.3285724777801481,
        0.40259707859086424,
        -0.5625178862448067,
        -0.41590712721335266,
        0.3936371831570257,
        3.5572633660076405,
        2.580981576183244,
        2.574556767316247,
        3.6948339573693874,
        0.0199779894413013
    ],
    "optimized_cost": 0.06606732397045179,
    "square_10.csv": {
        "odometry_error": 0.3748608561368739,
        "simulated_error": 0.06428399395083194,
        "optimized_error": 0.06606732397045179
    }
}