{
    "initial_parameters": [
        0.383146590857885,
        0.2601908088939393,
        -0.29432191782356004,
        -0.2947331116512286,
        0.2942690569083855,
        -0.5298154893258492,
        -0.4135609185578648,
        0.3062489555481053,
        3.590359801850708,
        2.5770948138832246,
        2.572861189728561,
        3.6344615627386694,
        0.023262252867368625
    ],
    "initial_simulated_cost": 0.06428399395083194,
    "pso_options": {
        "c1": 0.5,
        "c2": 0.3,
        "w": 0.9
    },
    "pso_limtit": 0.1301,
    "optimized_parameters": [
        0.2998117024427375,
        0.2280365640825505,
        -0.3574297668166408,
        -0.2873784229425596,
        0.20625231048487358,
        -0.5423940087839564,
        -0.3990514823103149,
        0.18126065201011707,
        3.5088372162181853,
        2.465647852600318,
        2.580250086680571,
        3.696510909276429,
        0.02455818926855633
    ],
    "optimized_cost": 0.05861704354532035,
    "square_10.csv": {
        "odometry_error": 0.3748608561368739,
        "simulated_error": 0.06428399395083194,
        "optimized_error": 0.05861704354532035
    }
}