{
    "log(1).csv": {
        "odometry_error": 22.685077549359644
    },
    "log(2).csv": {
        "odometry_error": 5.494401503857032
    }
}