{
    "log(1).csv": {
        "odometry_error": 0.20298932443700682
    },
    "log(2).csv": {
        "odometry_error": 0.3159628538388535
    },
    "log(3).csv": {
        "odometry_error": 0.2824938106901439
    },
    "log(4).csv": {
        "odometry_error": 0.3618032348705809
    },
    "log(5).csv": {
        "odometry_error": 0.38894475578240545
    },
    "log(6).csv": {
        "odometry_error": 0.37208976224320756
    }
}