{
    "log(1).csv": {
        "odometry_error": 0.20298932443700682
    },
    "log(2).csv": {
        "odometry_error": 0.3159628538388535
    },
    "log(3).csv": {
        "odometry_error": 0.2824938106901439
    }
}