{
    "initial_parameters": [
        0.383146590857885,
        0.2601908088939393,
        -0.29432191782356004,
        -0.2947331116512286,
        0.2942690569083855,
        -0.5298154893258492,
        -0.4135609185578648,
        0.3062489555481053,
        3.590359801850708,
        2.5770948138832246,
        2.572861189728561,
        3.6344615627386694,
        0.023262252867368625
    ],
    "initial_simulated_cost": 0.20051932408209672,
    "pso_options": {
        "c1": 0.5,
        "c2": 0.3,
        "w": 0.9
    },
    "pso_limtit": 0.13,
    "optimized_parameters": [
        0.4528447505044595,
        0.31776601485930184,
        -0.16441858817388938,
        -0.3149166054210424,
        0.2847212434198662,
        -0.45272799181224094,
        -0.4023174265293312,
        0.3016896631891094,
        3.591159741066909,
        2.6033209771662325,
        2.5738031487126625,
        3.6465770841387055,
        0.022349842307881406
    ],
    "optimized_cost": 0.09759748059613575,
    "quadrado_opt_2_1.csv": {
        "odometry_error": 0.20687231430696326,
        "simulated_error": 0.21008497664895973,
        "optimized_error": 0.12138649185291694
    },
    "quadrado_opt_1_2.csv": {
        "odometry_error": 0.19081689428412005,
        "simulated_error": 0.20561514353520444,
        "optimized_error": 0.07896959483549361
    },
    "quadrado_opt_1_1.csv": {
        "odometry_error": 0.17648697421375995,
        "simulated_error": 0.19006926865370455,
        "optimized_error": 0.07110441157588938
    },
    "quadrado_opt_2_2.csv": {
        "odometry_error": 0.16051254703582854,
        "simulated_error": 0.19630790749051824,
        "optimized_error": 0.1189294241202431
    }
}