{
    "quadrado_orig_15_1.csv": {
        "odometry_error": 0.29521308783951744
    },
    "quadrado_orig_1_2.csv": {
        "odometry_error": 0.2623245294415923
    }
}