{
    "initial_parameters": [
        0.34641,
        0.282843,
        -0.282843,
        -0.34641,
        0.414214,
        -0.414216,
        -0.414214,
        0.414214,
        3.616966,
        2.556874,
        2.556874,
        3.616966,
        0.02475
    ],
    "initial_simulated_cost": 0.42002173040528756,
    "pso_options": {
        "c1": 0.5,
        "c2": 0.3,
        "w": 0.9
    },
    "pso_limtit": 0.12,
    "optimized_parameters": [
        0.383146590857885,
        0.2601908088939393,
        -0.29432191782356004,
        -0.2947331116512286,
        0.2942690569083855,
        -0.5298154893258492,
        -0.4135609185578648,
        0.3062489555481053,
        3.590359801850708,
        2.5770948138832246,
        2.572861189728561,
        3.6344615627386694,
        0.023262252867368625
    ],
    "optimized_cost": 0.07750936199294593,
    "square_15.csv": {
        "odometry_error": 0.43823304846043803,
        "simulated_error": 0.46595054015523607,
        "optimized_error": 0.09073473003505993
    },
    "square_10.csv": {
        "odometry_error": 0.3748608561368739,
        "simulated_error": 0.374092920655339,
        "optimized_error": 0.06428399395083194
    }
}